{"train_loss ": 9.84433543395996, "train_acc": 0.2375, "_timestamp": 1668884601.4512038, "_runtime": 54.767841815948486, "_step": 0, "_wandb": {"runtime": 54}}